<?xml version="1.1" encoding="UTF-8" standalone="no"?>
<databaseChangeLog xmlns="http://www.liquibase.org/xml/ns/dbchangelog"
                   xmlns:xsi="http://www.w3.org/2001/XMLSchema-instance"
                   xsi:schemaLocation="http://www.liquibase.org/xml/ns/dbchangelog http://www.liquibase.org/xml/ns/dbchangelog/dbchangelog-3.6.xsd">
    <changeSet author="Maksim.Seryakov" id="mrks-120-1" objectQuotingStrategy="QUOTE_ONLY_RESERVED_WORDS">
        <createTable tableName="DOC_HEADERS" remarks="Основная таблица документов">
            <column name="ID_HEADER" type="NUMBER(22)" remarks="Первичный ключ (id_sap_header)">
                <constraints primaryKey="true"/>
            </column>
            <column name="GUID" type="VARCHAR(36)" remarks="GUID из PI"/>
            <column name="STORE_NUMBER" type="VARCHAR(22)" remarks="SAP номер подразделения"/>
            <column name="STATUS" type="VARCHAR(64)" remarks="Статус документа"/>
            <column name="ID_CLIENT" type="VARCHAR(22)" remarks="ID поставщика"/>
            <column name="DOCTYPE" type="VARCHAR(22)" remarks="Тип документа"/>
            <column name="TTN" type="VARCHAR(128)" remarks="Номер ТТН"/>
            <column name="TTN_DATE" type="TIMESTAMP" remarks="Дата ТТН"/>
            <column name="DT_CREATED" type="TIMESTAMP" remarks="Дата создания документа"/>
            <column name="DT_UPDATED" type="TIMESTAMP" remarks="Дата последнего изменения документа"/>
        </createTable>
    </changeSet>
    <changeSet author="Maksim.Seryakov" id="mrks-120-2" objectQuotingStrategy="QUOTE_ONLY_RESERVED_WORDS">
        <createTable tableName="DOC_DETAILS" remarks="Таблица строк документов">
            <column name="ID_DETAIL" type="VARCHAR(22)" remarks="Номер строки документа">
                <constraints primaryKey="true"/>
            </column>
            <column name="ID_HEADER" type="NUMBER(22)" remarks="Ссылка на id_header"/>
            <column name="ID_ITEM" type="VARCHAR(64)" remarks="Код товара"/>
            <column name="QUANTITY" type="VARCHAR(22)" remarks="ID поставщика"/>
        </createTable>
        <addForeignKeyConstraint baseColumnNames="ID_HEADER" baseTableName="DOC_DETAILS"
                                 constraintName="FK_HEADER_DETAIL_ID"
                                 referencedColumnNames="ID_HEADER" referencedTableName="DOC_HEADERS"/>
    </changeSet>
</databaseChangeLog>
