<!--<?xml version="1.0" encoding="utf-8"?>-->
<!--<databaseChangeLog xmlns="http://www.liquibase.org/xml/ns/dbchangelog"-->
<!--                   xmlns:xsi="http://www.w3.org/2001/XMLSchema-instance"-->
<!--                   xsi:schemaLocation="http://www.liquibase.org/xml/ns/dbchangelog http://www.liquibase.org/xml/ns/dbchangelog/dbchangelog-3.5.xsd">-->

<!--    <changeSet id="1563321600-1" author="firstov">-->

<!--        <createTable tableName="balanceUnit">-->
<!--            <column name="id" type="BIGINT" autoIncrement="true">-->
<!--                <constraints primaryKey="true" nullable="false"/>-->
<!--            </column>-->
<!--            <column name="mdmId" type="VARCHAR(32)">-->
<!--                <constraints nullable="false"/>-->
<!--            </column>-->
<!--            <column name="name" type="VARCHAR(32)">-->
<!--                <constraints nullable="false"/>-->
<!--            </column>-->
<!--            <column name="inn" type="VARCHAR(32)">-->
<!--                <constraints nullable="false"/>-->
<!--            </column>-->
<!--            <column name="kpp" type="VARCHAR(32)">-->
<!--                <constraints nullable="false"/>-->
<!--            </column>-->
<!--            <column name="lastModDate" type="DATETIME(32)">-->
<!--                <constraints nullable="true"/>-->
<!--            </column>-->
<!--            <column name="lastModUser" type="VARCHAR(32)">-->
<!--                <constraints nullable="true"/>-->
<!--            </column>-->
<!--            <column name="firstAddDate" type="DATETIME(32)">-->
<!--                <constraints nullable="false"/>-->
<!--            </column>-->
<!--        </createTable>-->

<!--        <createTable tableName="gtins">-->
<!--            <column name="id" type="BIGINT" autoIncrement="true">-->
<!--                <constraints primaryKey="true" nullable="false"/>-->
<!--            </column>-->
<!--            <column name="gtin" type="VARCHAR(32)">-->
<!--                <constraints nullable="false"/>-->
<!--            </column>-->
<!--            <column name="isMain" type="VARCHAR(32)">-->
<!--                <constraints nullable="false"/>-->
<!--            </column>-->
<!--            <column name="pluId" type="VARCHAR(32)">-->
<!--                <constraints nullable="false"/>-->
<!--            </column>-->
<!--            <column name="barCodeType" type="VARCHAR(32)">-->
<!--                <constraints nullable="false"/>-->
<!--            </column>-->
<!--            <column name="isTabacco" type="VARCHAR(32)">-->
<!--                <constraints nullable="false"/>-->
<!--            </column>-->
<!--            <column name="tabaccoMrc" type="VARCHAR(32)">-->
<!--                <constraints nullable="false"/>-->
<!--            </column>-->
<!--            <column name="tabaccoDateMrc" type="VARCHAR(32)">-->
<!--                <constraints nullable="false"/>-->
<!--            </column>-->
<!--            <column name="lastModDate" type="DATETIME(32)">-->
<!--                <constraints nullable="true"/>-->
<!--            </column>-->
<!--            <column name="lastModUser" type="VARCHAR(32)">-->
<!--                <constraints nullable="true"/>-->
<!--            </column>-->
<!--            <column name="firstAddDate" type="DATETIME(32)">-->
<!--                <constraints nullable="false"/>-->
<!--            </column>-->
<!--        </createTable>-->

<!--        <createTable tableName="item">-->
<!--            <column name="id" type="BIGINT" autoIncrement="true">-->
<!--                <constraints primaryKey="true" nullable="false"/>-->
<!--            </column>-->
<!--            <column name="pluId" type="VARCHAR(32)">-->
<!--                <constraints nullable="false"/>-->
<!--            </column>-->
<!--            <column name="fullname" type="VARCHAR(32)">-->
<!--                <constraints nullable="false"/>-->
<!--            </column>-->
<!--            <column name="unitsInPackaging" type="VARCHAR(32)">-->
<!--                <constraints nullable="false"/>-->
<!--            </column>-->
<!--            <column name="packageId" type="VARCHAR(32)">-->
<!--                <constraints nullable="false"/>-->
<!--            </column>-->
<!--            <column name="packageChId" type="VARCHAR(32)">-->
<!--                <constraints nullable="false"/>-->
<!--            </column>-->
<!--            <column name="packageLevel" type="VARCHAR(32)">-->
<!--                <constraints nullable="false"/>-->
<!--            </column>-->
<!--            <column name="amountInPackaging;" type="VARCHAR(32)">-->
<!--                <constraints nullable="false"/>-->
<!--            </column>-->
<!--            <column name="lastModDate" type="DATETIME(32)">-->
<!--                <constraints nullable="true"/>-->
<!--            </column>-->
<!--            <column name="lastModUser" type="VARCHAR(32)">-->
<!--                <constraints nullable="true"/>-->
<!--            </column>-->
<!--            <column name="firstAddDate" type="DATETIME(32)">-->
<!--                <constraints nullable="false"/>-->
<!--            </column>-->
<!--        </createTable>-->

<!--        <createTable tableName="warehouse">-->
<!--            <column name="id" type="BIGINT" autoIncrement="true">-->
<!--                <constraints primaryKey="true" nullable="false"/>-->
<!--            </column>-->
<!--            <column name="mdmId" type="VARCHAR(32)">-->
<!--                <constraints nullable="false"/>-->
<!--            </column>-->
<!--            <column name="name" type="VARCHAR(32)">-->
<!--                <constraints nullable="false"/>-->
<!--            </column>-->
<!--            <column name="unitsInPackaging" type="VARCHAR(32)">-->
<!--                <constraints nullable="false"/>-->
<!--            </column>-->
<!--            <column name="inn" type="VARCHAR(32)">-->
<!--                <constraints nullable="false"/>-->
<!--            </column>-->
<!--            <column name="isNoTobacco" type="VARCHAR(32)">-->
<!--                <constraints nullable="false"/>-->
<!--            </column>-->
<!--            <column name="lastModDate" type="DATETIME(32)">-->
<!--                <constraints nullable="true"/>-->
<!--            </column>-->
<!--            <column name="lastModUser" type="VARCHAR(32)">-->
<!--                <constraints nullable="true"/>-->
<!--            </column>-->
<!--            <column name="firstAddDate" type="DATETIME(32)">-->
<!--                <constraints nullable="false"/>-->
<!--            </column>-->
<!--        </createTable>-->
<!--    </changeSet>-->
<!--</databaseChangeLog>-->