<?xml version="1.0" encoding="utf-8"?>
<databaseChangeLog xmlns="http://www.liquibase.org/xml/ns/dbchangelog"
                   xmlns:xsi="http://www.w3.org/2001/XMLSchema-instance"
                   xsi:schemaLocation="http://www.liquibase.org/xml/ns/dbchangelog http://www.liquibase.org/xml/ns/dbchangelog/dbchangelog-3.6.xsd">
    <changeSet author="Roman.Firstov" id="mrks-26-1" objectQuotingStrategy="QUOTE_ONLY_RESERVED_WORDS">
        <createTable tableName="BALANCE_UNITS" remarks="Балансовые единицы (Юр. лица)">
            <column name="MDM_ID" type="VARCHAR(5)" remarks="Код БЕ">
                <constraints primaryKey="true" nullable="false"/>
            </column>
            <column name="NAME" type="VARCHAR" remarks="Наименование БЕ">
                <constraints nullable="false"/>
            </column>
            <column name="INN" type="VARCHAR(12)" remarks="ИНН">
                <constraints nullable="false"/>
            </column>
            <column name="LAST_MOD_DATE" type="TIMESTAMP"
                    remarks="Дата и время последнего изменения экземпляра записи"/>
            <column name="FIRST_ADD_DATE" type="TIMESTAMP"
                    remarks="Дата и время первичного создания экземпляра записи"/>
        </createTable>
        <createTable tableName="WAREHOUSES" remarks="Заводы">
            <column name="MDM_ID" type="VARCHAR(5)" remarks="Код Завода">
                <constraints primaryKey="true" nullable="false"/>
            </column>
            <column name="NAME" type="VARCHAR" remarks="Наименование Завода">
                <constraints nullable="false"/>
            </column>
            <column name="BALANCE_UNIT" type="VARCHAR" remarks="Код БЕ. Ссылка на mdm_id">
                <constraints nullable="false"/>
            </column>
            <column name="INN" type="VARCHAR(12)" remarks="ИНН БЕ">
                <constraints nullable="false"/>
            </column>
            <column name="KPP" type="VARCHAR(9)" remarks="КПП"/>
            <column name="WERK_REGION_CODE" type="VARCHAR(6)" remarks="Регион (код)">
                <constraints nullable="false"/>
            </column>
            <column name="WERK_REGION_NAME" type="VARCHAR" remarks="Регион (наименование)">
                <constraints nullable="false"/>
            </column>
            <column name="LAST_MOD_DATE" type="TIMESTAMP"
                    remarks="Дата и время последнего изменения экземпляра записи"/>
            <column name="FIRST_ADD_DATE" type="TIMESTAMP"
                    remarks="Дата и время первичного создания экземпляра записи"/>
        </createTable>
        <addForeignKeyConstraint baseColumnNames="BALANCE_UNIT" baseTableName="WAREHOUSES" constraintName="FK_BALANCE_UNIT_WAREHOUSE_ID"
                                 referencedColumnNames="MDM_ID" referencedTableName="BALANCE_UNITS"/>
        <createTable tableName="ITEMS" remarks="Товары">
            <column name="PLU_ID" type="VARCHAR(18)" remarks="Код Товара">
                <constraints primaryKey="true" nullable="false"/>
            </column>
            <column name="FULLNAME" type="VARCHAR(132)" remarks="Полное наименование товара"/>
            <column name="UNITS_IN_PACKAGING" type="INTEGER(3)"
                    remarks="Кол-во единиц употребления в продажной упаковке"/>
            <column name="PACKAGE_ID" type="VARCHAR(20)" remarks="Идентификатор упаковки">
                <constraints nullable="false"/>
            </column>
            <column name="PACKAGE_CH_ID" type="VARCHAR(20)" remarks="Идентификатор упаковки нижнего уровня">
                <constraints nullable="false"/>
            </column>
            <column name="PACKAGE_LEVEL" type="VARCHAR(40)" remarks="Уровень упаковки"/>
            <column name="AMOUNT_IN_PACKAGING" type="INTEGER(5)" remarks="Количество в упаковке"/>
            <column name="LAST_MOD_DATE" type="TIMESTAMP"
                    remarks="Дата и время последнего изменения экземпляра записи"/>
            <column name="FIRST_ADD_DATE" type="TIMESTAMP"
                    remarks="Дата и время первичного создания экземпляра записи"/>
        </createTable>
        <createTable tableName="GTINS" remarks="Справочник GTINS связывает штрихкоды и коды PLU">
            <column name="GTIN" type="VARCHAR(18)" remarks="Штрихкод">
                <constraints primaryKey="true" nullable="false"/>
            </column>
            <column name="PLU_ID" type="VARCHAR(18)" remarks="Код Товара"/>
            <column name="BAR_CODE_TYPE" type="VARCHAR" remarks="Признак маркированного товара (DM)"/>
            <column name="TABACCO_MRC" type="VARCHAR(8)" remarks="МРЦ"/>
            <column name="TABACCO_DATE_MRC" type="DATE" remarks="Дата применения МРЦ"/>
            <column name="LAST_MOD_DATE" type="TIMESTAMP"
                    remarks="Дата и время последнего изменения экземпляра записи"/>
            <column name="FIRST_ADD_DATE" type="TIMESTAMP"
                    remarks="Дата и время первичного создания экземпляра записи"/>
            <column name="ID_ITEM" type="VARCHAR(18)" remarks="Ссылка на plu_id"/>
        </createTable>
        <addForeignKeyConstraint baseColumnNames="ID_ITEM" baseTableName="GTINS" constraintName="FK_ITEM_GTIN_ID"
                                 referencedColumnNames="PLU_ID" referencedTableName="ITEMS"/>
    </changeSet>
</databaseChangeLog>